{
    "exam_year": "2024",
    "exam_type": "YKS",
    "exam_subtype": "AYT",
    "sections": [
        "FEN-BILIMLERI-TESTI",
        "SOSYAL-BILIMLER-TESTI",
        "TEMEL-MATEMATIK-TESTI"
    ],
    "images": [
        {
            "year": "2024",
            "exam": "YKS",
            "subtype": "TYT",
            "section": "FEN-BILIMLERI-TESTI",
            "page": 36,
            "image_height": 374,
            "image_width": 702,
            "image_number": 0,
            "image_ocr": "",
            "ocr_language": "",
            "image_description": " The image shows a graph with two axes. The horizontal axis is labeled \"Hacim\" (volume) and the vertical axis is labeled \"Kütle\" (mass). There are five lines on the graph. The lines are labeled \"A suyu\" (water A), \"Kırmızı boya\" (red paint), \"Yeşil boya\" (green paint), and \"B suyu\" (water B). The lines all start at the origin and go up. The line for water A is the steepest, followed by the line for red paint, the line for green paint, and the line for water B.\n\nThe graph shows that the mass of the substances increases with their volume. Water A has the highest mass, followed by red paint, green paint, and water B.",
            "description_language": "tr",
            "extension": "png"
        },
        {
            "year": "2024",
            "exam": "YKS",
            "subtype": "TYT",
            "section": "FEN-BILIMLERI-TESTI",
            "page": 37,
            "image_height": 374,
            "image_width": 635,
            "image_number": 0,
            "image_ocr": "",
            "ocr_language": "",
            "image_description": " The image shows a circuit with three light bulbs and a battery. The battery is connected to the light bulbs in series. There is a voltmeter connected across the battery and an ammeter connected in series with the battery. The voltmeter is reading 9 volts and the ammeter is reading 3 amps. The question is to find the resistance of each light bulb.\n\nThe resistance of each light bulb can be found using Ohm's law. Ohm's law states that the resistance of a conductor is equal to the voltage across the conductor divided by the current flowing through the conductor. In this case, the voltage across each light bulb is 9 volts and the current flowing through each light bulb is 3 amps. Therefore, the resistance of each light bulb is 3 ohms.\n\nThe latex for the equation is:\n$$R = \\frac{V}{I}$$\n\nThe ascii for the equation is:\n```\nR = V/I\n```",
            "description_language": "tr",
            "extension": "png"
        },
        {
            "year": "2024",
            "exam": "YKS",
            "subtype": "TYT",
            "section": "FEN-BILIMLERI-TESTI",
            "page": 37,
            "image_height": 387,
            "image_width": 901,
            "image_number": 1,
            "image_ocr": "",
            "ocr_language": "",
            "image_description": " The image shows a helical spring with two masses attached to it. The masses are labeled K and M. The spring is stretched along the x-axis and the masses are at rest. The question is to find the forces acting on the masses.\n\nThe forces acting on the masses are the spring force, the gravitational force, and the force of inertia. The spring force is given by Hooke's law, which states that the force is proportional to the displacement from the equilibrium position. The gravitational force is given by Newton's law of gravitation, which states that the force is proportional to the product of the masses and inversely proportional to the square of the distance between them. The force of inertia is given by Newton's second law of motion, which states that the force is equal to the mass times the acceleration.\n\nIn this problem, the spring force is the restoring force that pulls the masses back to the equilibrium position. The gravitational force is the attractive force between the masses. The force of inertia is the force that opposes the motion of the masses.\n\nTo find the forces acting on the masses, we need to calculate the spring force, the gravitational force, and the force of inertia. The spring force is given by the equation F = -kx, where k is the spring constant and x is the displacement from the equilibrium position. The gravitational force is given by the equation F = GmM/r^2, where G is the gravitational constant, m and M are the masses of the objects, and r is the distance between them. The force of inertia is given by the equation F = ma, where m is the mass of the object and a is the acceleration.\n\nIn this problem, the spring constant is k = 100 N/m, the masses are m = 1 kg and M = 2 kg, and the distance between them is r = 0.5 m. The acceleration of the masses is a = 0 m/s^2.\n\nTo calculate the spring force, we substitute the values of k and x into the equation F = -kx. We get F = -100 N/m * 0.5 m = -50 N.\n\nTo calculate the gravitational force, we substitute the values of G, m, M, and r into the equation F = GmM/r^2. We get F = 6.674e-11 N/m^2 * 1 kg * 2 kg / (0.5 m)^2 = 2.669e-10 N.\n\nTo calculate the force of inertia, we substitute the values of m and a into the equation F = ma. We get F = 1 kg * 0 m/s^2 = 0 N.\n\nThe total force acting on the mass K is the sum of the spring force and the gravitational force. The total force acting on the mass M is the sum of the spring force, the gravitational force, and the force of inertia.\n\nThe total force acting on the mass K is F = -50 N + 2.669e-10 N = -49.99999997330556 N.\n\nThe total force acting on the mass M is F = -50 N + 2.669e-10 N + 0 N = -49.99999997330556 N.\n\nTherefore, the forces acting on the masses are the spring force, the gravitational force, and the force of inertia. The spring force is the restoring force that pulls the masses back to the equilibrium position. The gravitational force is the attractive force between the masses. The force of inertia is the force that opposes the motion of the masses. The total force acting on the mass K is -49.99999997330556 N. The total force acting on the mass M is -49.99999997330556 N.",
            "description_language": "tr",
            "extension": "png"
        },
        {
            "year": "2024",
            "exam": "YKS",
            "subtype": "TYT",
            "section": "FEN-BILIMLERI-TESTI",
            "page": 38,
            "image_height": 317,
            "image_width": 743,
            "image_number": 0,
            "image_ocr": "",
            "ocr_language": "",
            "image_description": " The image shows a ray of light traveling from a source F to a point T on a screen. The angle of incidence of the ray is θ. The ray is reflected from the surface of the screen and travels to a point K. The angle of reflection is also θ. The distance between the source and the screen is d. The distance between the point of incidence and the point of reflection is 2x.\n\nThe question is to find the distance between the source and the point of reflection.\n\nWe can use the law of reflection of light to solve this problem. The law of reflection states that the angle of reflection is equal to the angle of incidence. Therefore, we know that the angle of reflection is θ.\n\nWe can also use the law of sines to solve this problem. The law of sines states that the ratio of the sine of an angle to the length of the opposite side is equal to the ratio of the sine of the other angle to the length of the other opposite side. In this case, we have two triangles: one triangle is formed by the source, the point of incidence, and the point of reflection; the other triangle is formed by the point of incidence, the point of reflection, and the screen.\n\nUsing the law of sines, we can write the following equation:\n\nsin θ / d = sin θ / 2x\n\nSolving for x, we get:\n\nx = d / 2\n\nTherefore, the distance between the source and the point of reflection is d / 2.",
            "description_language": "tr",
            "extension": "png"
        },
        {
            "year": "2024",
            "exam": "YKS",
            "subtype": "TYT",
            "section": "FEN-BILIMLERI-TESTI",
            "page": 39,
            "image_height": 564,
            "image_width": 933,
            "image_number": 0,
            "image_ocr": "",
            "ocr_language": "",
            "image_description": " The image shows a table with three columns. The first column is labeled \"Gaz miktarı\" (amount of gas), the second column is labeled \"Oksijen atomu sayısı\" (number of oxygen atoms), and the third column is labeled \"Normal şartlar altında\" (under normal conditions). The first row contains the value \"22 g N2O gazı\" (22 g of N2O gas), the second row contains the value \"5,6 L CO gazı\" (5,6 L of CO gas), and the third row contains the value \"3,01x1023 tane SO2 molekülü içeren SO2 gazı\" (SO2 gas containing 3.01x1023 SO2 molecules).\n\nThe question is asking to find the number of oxygen atoms in each of the three gases.\n\nThe first gas is N2O, which has 2 nitrogen atoms and 1 oxygen atom. So the number of oxygen atoms in 22 g of N2O is:\n\n```\n(22 g N2O) * (1 mol N2O / 44 g N2O) * (1 mol O / 1 mol N2O) * (6.022x10^23 atoms / 1 mol O) = 3.01x10^22 atoms O\n```\n\nThe second gas is CO, which has 1 carbon atom and 1 oxygen atom. So the number of oxygen atoms in 5.6 L of CO is:\n\n```\n(5.6 L CO) * (1 mol CO / 22.4 L CO) * (1 mol O / 1 mol CO) * (6.022x10^23 atoms / 1 mol O) = 1.51x10^23 atoms O\n```\n\nThe third gas is SO2, which has 1 sulfur atom and 2 oxygen atoms. So the number of oxygen atoms in 3.01x1023 molecules of SO2 is:\n\n```\n(3.01x10^23 molecules SO2) * (2 mol O / 1 mol SO2) * (6.022x10^23 atoms / 1 mol O) = 3.61x10^23 atoms O\n```\n\nTherefore, the number of oxygen atoms in 22 g of N2O, 5.6 L of CO, and 3.01x1023 molecules of SO2 are 3.01x10^22, 1.51x10^23, and 3.61x10^23, respectively.",
            "description_language": "tr",
            "extension": "png"
        },
        {
            "year": "2024",
            "exam": "YKS",
            "subtype": "TYT",
            "section": "FEN-BILIMLERI-TESTI",
            "page": 40,
            "image_height": 500,
            "image_width": 654,
            "image_number": 0,
            "image_ocr": "",
            "ocr_language": "",
            "image_description": " The image shows a pedigree tree with two generations. There are two affected males, one in each generation. The first generation has a total of three individuals, two males, one of which is affected, and one female. The second generation has a total of four individuals, two males, one of which is affected, and two females. The mode of inheritance is autosomal dominant.\n\nAutosomal dominant inheritance means that the affected male in the first generation must have passed the affected allele to one of his sons in the second generation. The unaffected female in the first generation must have passed the unaffected allele to both of her sons in the second generation.",
            "description_language": "tr",
            "extension": "png"
        },
        {
            "year": "2024",
            "exam": "YKS",
            "subtype": "TYT",
            "section": "FEN-BILIMLERI-TESTI",
            "page": 40,
            "image_height": 492,
            "image_width": 468,
            "image_number": 1,
            "image_ocr": "",
            "ocr_language": "",
            "image_description": " The image shows a directed acyclic graph (DAG) with 8 nodes labeled P, M, N, X, Y, Z, K, and L. The edges are directed from P to M, P to N, M to X, M to Y, N to Y, Y to Z, X to K, and Y to L. \n\nThe question is likely asking to find the topological order of the graph, which is a linear ordering of the nodes such that for every edge (u, v) in the graph, u appears before v in the ordering. \n\nOne possible topological order for this graph is P, M, N, X, Y, Z, K, L.",
            "description_language": "tr",
            "extension": "png"
        },
        {
            "year": "2024",
            "exam": "YKS",
            "subtype": "TYT",
            "section": "SOSYAL-BILIMLER-TESTI",
            "page": 16,
            "image_height": 448,
            "image_width": 919,
            "image_number": 0,
            "image_ocr": "",
            "ocr_language": "",
            "image_description": " The image shows a mountain with different types of trees at different altitudes. The altitude is measured in meters on the left side of the image. The types of trees are shown on the right side of the image, with the Turkish word for each type of tree listed next to it. From the bottom to the top, the types of trees are as follows:\n\n- Ilhamur (linden)\n- Kayın (beech)\n- Ladin (fir)\n- Çayır (alpine meadow)",
            "description_language": "tr",
            "extension": "png"
        },
        {
            "year": "2024",
            "exam": "YKS",
            "subtype": "TYT",
            "section": "SOSYAL-BILIMLER-TESTI",
            "page": 16,
            "image_height": 413,
            "image_width": 933,
            "image_number": 1,
            "image_ocr": "",
            "ocr_language": "",
            "image_description": " The map shows the regions of Turkey. The regions are numbered I to V. The regions are as follows:\n\nI. Marmara Bölgesi (Marmara Region)\nII. Karadeniz Bölgesi (Black Sea Region)\nIII. Ege Bölgesi (Aegean Region)\nIV. Akdeniz Bölgesi (Mediterranean Region)\nV. İç Anadolu Bölgesi (Central Anatolia Region)\nVI. Doğu Anadolu Bölgesi (Eastern Anatolia Region)\nVII. Güneydoğu Anadolu Bölgesi (Southeastern Anatolia Region)",
            "description_language": "tr",
            "extension": "png"
        },
        {
            "year": "2024",
            "exam": "YKS",
            "subtype": "TYT",
            "section": "SOSYAL-BILIMLER-TESTI",
            "page": 17,
            "image_height": 534,
            "image_width": 930,
            "image_number": 0,
            "image_ocr": "",
            "ocr_language": "",
            "image_description": " The image shows two graphs. The graphs show the distribution of men and women in two countries, K ülkesi and L ülkesi. The x-axis shows the percentage of men and women, while the y-axis shows the age. The graphs are bell-shaped curves. The curve for K ülkesi is more spread out than the curve for L ülkesi, which means that there is more variation in the ages of men and women in K ülkesi. The curve for L ülkesi is also shifted to the left, which means that there are more young men and women in L ülkesi than in K ülkesi.",
            "description_language": "tr",
            "extension": "png"
        },
        {
            "year": "2024",
            "exam": "YKS",
            "subtype": "TYT",
            "section": "SOSYAL-BILIMLER-TESTI",
            "page": 17,
            "image_height": 520,
            "image_width": 933,
            "image_number": 1,
            "image_ocr": "",
            "ocr_language": "",
            "image_description": " The image shows a map of the world with two highlighted regions. One is in North Africa and the other is in the Middle East. \n\nThe highlighted region in North Africa is the Sahara desert, the world's largest hot desert. It covers an area of 9.2 million square kilometers (3.6 million square miles). The Sahara is home to a variety of plant and animal life, including the camel, the date palm, and the Saharan cheetah. \n\nThe highlighted region in the Middle East is the Arabian Peninsula. It is a large peninsula located in Southwest Asia. It is bordered by the Red Sea to the west, the Arabian Sea to the south, and the Persian Gulf to the northeast. The Arabian Peninsula is home to a variety of cultures and religions, including Islam, Christianity, and Judaism.",
            "description_language": "tr",
            "extension": "png"
        },
        {
            "year": "2024",
            "exam": "YKS",
            "subtype": "TYT",
            "section": "TEMEL-MATEMATIK-TESTI",
            "page": 23,
            "image_height": 392,
            "image_width": 274,
            "image_number": 0,
            "image_ocr": "",
            "ocr_language": "",
            "image_description": " The image shows a fraction. The numerator is 8 and the denominator is 12. In LaTeX, this is written as \\frac{8}{12}. In ASCII, this is written as 8/12.",
            "description_language": "tr",
            "extension": "png"
        },
        {
            "year": "2024",
            "exam": "YKS",
            "subtype": "TYT",
            "section": "TEMEL-MATEMATIK-TESTI",
            "page": 23,
            "image_height": 392,
            "image_width": 300,
            "image_number": 1,
            "image_ocr": "",
            "ocr_language": "",
            "image_description": " The image shows a fraction. The numerator is 9 and the denominator is 36.\n\nfrac{9}{36}\n\n9/36",
            "description_language": "tr",
            "extension": "png"
        },
        {
            "year": "2024",
            "exam": "YKS",
            "subtype": "TYT",
            "section": "TEMEL-MATEMATIK-TESTI",
            "page": 23,
            "image_height": 392,
            "image_width": 1757,
            "image_number": 10,
            "image_ocr": "",
            "ocr_language": "",
            "image_description": " The image shows a fraction bar with the numbers 1, 1, 6, 8, and 9 above the bar and the numbers 3, 6, 8, 12, and 36 below the bar. The numbers above the bar are the numerators of the fractions, and the numbers below the bar are the denominators of the fractions.\n\nThe fractions are:\n\n$$\\frac{1}{3}, \\frac{1}{6}, \\frac{6}{8}, \\frac{8}{12}, \\frac{9}{36}$$\n\nThe first fraction is one-third, the second fraction is one-sixth, the third fraction is six-eighths, the fourth fraction is eight-twelfths, and the fifth fraction is nine-thirty-sixths.",
            "description_language": "tr",
            "extension": "png"
        },
        {
            "year": "2024",
            "exam": "YKS",
            "subtype": "TYT",
            "section": "TEMEL-MATEMATIK-TESTI",
            "page": 23,
            "image_height": 392,
            "image_width": 217,
            "image_number": 11,
            "image_ocr": "",
            "ocr_language": "",
            "image_description": " The image shows a fraction. The numerator is 1 and the denominator is 6.\n\n$$ \\frac{1}{6} $$",
            "description_language": "tr",
            "extension": "png"
        },
        {
            "year": "2024",
            "exam": "YKS",
            "subtype": "TYT",
            "section": "TEMEL-MATEMATIK-TESTI",
            "page": 23,
            "image_height": 392,
            "image_width": 216,
            "image_number": 12,
            "image_ocr": "",
            "ocr_language": "",
            "image_description": " The image shows a fraction. The numerator is 1 and the denominator is 3. In LaTeX, the fraction can be written as \\frac{1}{3}. In ASCII, the fraction can be written as 1/3.",
            "description_language": "tr",
            "extension": "png"
        },
        {
            "year": "2024",
            "exam": "YKS",
            "subtype": "TYT",
            "section": "TEMEL-MATEMATIK-TESTI",
            "page": 23,
            "image_height": 392,
            "image_width": 217,
            "image_number": 13,
            "image_ocr": "",
            "ocr_language": "",
            "image_description": " The image shows a fraction. The numerator is 6 and the denominator is 8.\n\n$$ \\frac{6}{8} $$\n\nThe fraction can be read as \"six eighths\".",
            "description_language": "tr",
            "extension": "png"
        },
        {
            "year": "2024",
            "exam": "YKS",
            "subtype": "TYT",
            "section": "TEMEL-MATEMATIK-TESTI",
            "page": 23,
            "image_height": 981,
            "image_width": 728,
            "image_number": 2,
            "image_ocr": "",
            "ocr_language": "",
            "image_description": " This is a screenshot of a mobile application. The app shows a pie chart of expenses in May, categorized as food, clothing, transportation, education and bills. The total percentage is 100. The percentage for food is 43.4%, for clothing is 12.8%, for transportation is 15.6%, for education is 8.2% and for bills is 20%.",
            "description_language": "tr",
            "extension": "png"
        },
        {
            "year": "2024",
            "exam": "YKS",
            "subtype": "TYT",
            "section": "TEMEL-MATEMATIK-TESTI",
            "page": 23,
            "image_height": 110,
            "image_width": 108,
            "image_number": 3,
            "image_ocr": "",
            "ocr_language": "",
            "image_description": " The image shows a blue square with a white graduation cap in the center. The cap has a tassel on the left side. The image is likely related to education or learning.\n\nThe latex code for the image is:\n\\begin{tikzpicture}[baseline=(current bounding box.center)]\n  \\filldraw[blue] (0,0) rectangle (2,2);\n  \\draw[white] (1,1) -- (1.3,1.3) -- (1.6,1) -- (1,1);\n  \\draw[white] (1.3,1.3) -- (1.3,1.6);\n  \\draw[white,line width=1.5pt] (1,1) circle (2pt);\n\\end{tikzpicture}\n\nThe ascii code for the image is:\n```\n _______\n|       |\n|       |\n|       |\n|_______|\n```",
            "description_language": "tr",
            "extension": "png"
        },
        {
            "year": "2024",
            "exam": "YKS",
            "subtype": "TYT",
            "section": "TEMEL-MATEMATIK-TESTI",
            "page": 23,
            "image_height": 524,
            "image_width": 564,
            "image_number": 4,
            "image_ocr": "",
            "ocr_language": "",
            "image_description": " The image shows a triangular arrangement of blue and yellow clothespins. There are three blue clothespins at the bottom, each connected to two yellow clothespins above. The two yellow clothespins at the top are connected to each other.\n\nThe blue clothespins can be represented by the letter B, and the yellow clothespins can be represented by the letter Y. The arrangement of clothespins can be represented by the following ASCII diagram:\n\n```\n    Y\n   / \\\n  B   B\n / \\ / \\\nB   B   B\n```\n\nThe arrangement of clothespins can also be represented by the following LaTeX code:\n\n\\begin{tikzpicture}[scale=0.5]\n\\draw (0,0) -- (2,2);\n\\draw (0,0) -- (-2,2);\n\\draw (2,2) -- (0,4);\n\\draw (-2,2) -- (0,4);\n\\draw (1,3) -- (2,2);\n\\draw (1,3) -- (0,2);\n\\draw (-1,3) -- (-2,2);\n\\draw (-1,3) -- (0,2);\n\\draw (0,2) -- (-1,1);\n\\draw (0,2) -- (1,1);\n\\draw (2,2) -- (3,1);\n\\draw (-2,2) -- (-3,1);\n\n\\filldraw[fill=blue] (0,0) circle (0.2);\n\\filldraw[fill=blue] (2,0) circle (0.2);\n\\filldraw[fill=blue] (-2,0) circle (0.2);\n\\filldraw[fill=blue] (-1,1) circle (0.2);\n\\filldraw[fill=blue] (1,1) circle (0.2);\n\\filldraw[fill=blue] (3,1) circle (0.2);\n\\filldraw[fill=blue] (-3,1) circle (0.2);\n\n\\filldraw[fill=yellow] (0,2) circle (0.2);\n\\filldraw[fill=yellow] (2,2) circle (0.2);\n\\filldraw[fill=yellow] (-2,2) circle (0.2);\n\\filldraw[fill=yellow] (0,4) circle (0.2);\n\\filldraw[fill=yellow] (1,3) circle (0.2);\n\\filldraw[fill=yellow] (-1,3) circle (0.2);\n\\end{tikzpicture}\n```",
            "description_language": "tr",
            "extension": "png"
        },
        {
            "year": "2024",
            "exam": "YKS",
            "subtype": "TYT",
            "section": "TEMEL-MATEMATIK-TESTI",
            "page": 23,
            "image_height": 224,
            "image_width": 384,
            "image_number": 5,
            "image_ocr": "",
            "ocr_language": "",
            "image_description": " The image shows a multiplication operation between two numbers, \\(3\\) and \\(2\\), followed by an exponent of \\(10\\). In LaTeX, this can be expressed as \\(3\\cdot 2^{10}\\). In ASCII, this can be expressed as 3 * 2 ^ 10.",
            "description_language": "tr",
            "extension": "png"
        },
        {
            "year": "2024",
            "exam": "YKS",
            "subtype": "TYT",
            "section": "TEMEL-MATEMATIK-TESTI",
            "page": 23,
            "image_height": 224,
            "image_width": 361,
            "image_number": 6,
            "image_ocr": "",
            "ocr_language": "",
            "image_description": " The image shows a multiplication operation between two numbers, \\(3\\) and \\(2\\), with \\(2\\) being raised to the power of \\(11\\).\n\nIn LaTeX, this can be expressed as:\n$$3 \\cdot 2^{11}$$\n\nIn ASCII, this can be expressed as:\n```\n3 * 2 ^ 11\n```",
            "description_language": "tr",
            "extension": "png"
        },
        {
            "year": "2024",
            "exam": "YKS",
            "subtype": "TYT",
            "section": "TEMEL-MATEMATIK-TESTI",
            "page": 23,
            "image_height": 224,
            "image_width": 328,
            "image_number": 7,
            "image_ocr": "",
            "ocr_language": "",
            "image_description": " The image shows a decimal number, 7.29.\n\nIn LaTeX, this number can be written as 7.29.\n\nIn ASCII, this number can be written as 7.29.",
            "description_language": "tr",
            "extension": "png"
        },
        {
            "year": "2024",
            "exam": "YKS",
            "subtype": "TYT",
            "section": "TEMEL-MATEMATIK-TESTI",
            "page": 23,
            "image_height": 224,
            "image_width": 379,
            "image_number": 8,
            "image_ocr": "",
            "ocr_language": "",
            "image_description": " The image shows a decimal point between the numbers 7 and 2, with a superscript 10 on the 2.\n\nIn LaTeX, this can be expressed as:\n$$ 7.2 \\times 10^{10} $$\n\nIn ASCII, this can be expressed as:\n```\n7.2e10\n```",
            "description_language": "tr",
            "extension": "png"
        },
        {
            "year": "2024",
            "exam": "YKS",
            "subtype": "TYT",
            "section": "TEMEL-MATEMATIK-TESTI",
            "page": 23,
            "image_height": 224,
            "image_width": 186,
            "image_number": 9,
            "image_ocr": "",
            "ocr_language": "",
            "image_description": " The image shows a binary number written in the form of an exponent. The base of the exponent is 2 and the exponent is 11. In LaTeX, this can be expressed as 2^11. In ASCII, this can be expressed as 2^11. The value of 2^11 is 2048.",
            "description_language": "tr",
            "extension": "png"
        },
        {
            "year": "2024",
            "exam": "YKS",
            "subtype": "TYT",
            "section": "TEMEL-MATEMATIK-TESTI",
            "page": 24,
            "image_height": 392,
            "image_width": 216,
            "image_number": 0,
            "image_ocr": "",
            "ocr_language": "",
            "image_description": " The image shows a fraction. The numerator is 1 and the denominator is 3. In LaTeX, this is written as `\\frac{1}{3}`. In ASCII, this is written as \"1 / 3\".",
            "description_language": "tr",
            "extension": "png"
        },
        {
            "year": "2024",
            "exam": "YKS",
            "subtype": "TYT",
            "section": "TEMEL-MATEMATIK-TESTI",
            "page": 24,
            "image_height": 174,
            "image_width": 237,
            "image_number": 1,
            "image_ocr": "",
            "ocr_language": "",
            "image_description": " The image shows a square root symbol with the number 2 inside. \n\nThe latex code for the expression is \\sqrt{2}.\n\nThe ascii code for the expression is \\sqrt(2).\n\nThe square root of 2 is an irrational number that is approximately equal to 1.4142135623731. It is the positive solution to the equation x^2 = 2. The square root of 2 is a common irrational number that is used in many different areas of mathematics and science.",
            "description_language": "tr",
            "extension": "png"
        },
        {
            "year": "2024",
            "exam": "YKS",
            "subtype": "TYT",
            "section": "TEMEL-MATEMATIK-TESTI",
            "page": 24,
            "image_height": 236,
            "image_width": 237,
            "image_number": 2,
            "image_ocr": "",
            "ocr_language": "",
            "image_description": " The image shows a mathematical expression. The expression is the cube root of 8. In LaTeX, this can be written as \\sqrt[3]{8}. In ASCII, this can be written as 3√8.",
            "description_language": "tr",
            "extension": "png"
        },
        {
            "year": "2024",
            "exam": "YKS",
            "subtype": "TYT",
            "section": "TEMEL-MATEMATIK-TESTI",
            "page": 24,
            "image_height": 167,
            "image_width": 329,
            "image_number": 3,
            "image_ocr": "",
            "ocr_language": "",
            "image_description": " The image shows a math expression: i + 3. i is the imaginary unit, which is equal to the square root of -1. 3 is a real number. The sum of i and 3 is a complex number.",
            "description_language": "tr",
            "extension": "png"
        },
        {
            "year": "2024",
            "exam": "YKS",
            "subtype": "TYT",
            "section": "TEMEL-MATEMATIK-TESTI",
            "page": 24,
            "image_height": 386,
            "image_width": 854,
            "image_number": 4,
            "image_ocr": "",
            "ocr_language": "",
            "image_description": " The image shows a math question in Turkish. The question states that if a and b are not both integers, the expression \\(\\frac{a}{b}\\) can still be an integer. The example given is \\(\\frac{\\sqrt{720}}{\\sqrt{b}}\\), where a = \\(\\sqrt{720}\\) and b is not specified.\n\nThe question is asking for the value of b that would make the expression an integer.",
            "description_language": "tr",
            "extension": "png"
        },
        {
            "year": "2024",
            "exam": "YKS",
            "subtype": "TYT",
            "section": "TEMEL-MATEMATIK-TESTI",
            "page": 24,
            "image_height": 173,
            "image_width": 237,
            "image_number": 5,
            "image_ocr": "",
            "ocr_language": "",
            "image_description": " The image shows a square root symbol with the number 5 inside.\n\nThe latex for the expression is \\sqrt{5}.\n\nThe ascii for the expression is sqrt(5).\n\nThe square root of 5 is an irrational number, which means that it cannot be expressed as a fraction of two integers. It is approximately equal to 2.23606797749979.",
            "description_language": "tr",
            "extension": "png"
        },
        {
            "year": "2024",
            "exam": "YKS",
            "subtype": "TYT",
            "section": "TEMEL-MATEMATIK-TESTI",
            "page": 24,
            "image_height": 174,
            "image_width": 320,
            "image_number": 6,
            "image_ocr": "",
            "ocr_language": "",
            "image_description": " The image shows a square root symbol with the number 20 inside.\n\nThe latex for the expression is \\sqrt{20}.\n\nThe ascii for the expression is sqrt(20).",
            "description_language": "tr",
            "extension": "png"
        },
        {
            "year": "2024",
            "exam": "YKS",
            "subtype": "TYT",
            "section": "TEMEL-MATEMATIK-TESTI",
            "page": 24,
            "image_height": 173,
            "image_width": 320,
            "image_number": 7,
            "image_ocr": "",
            "ocr_language": "",
            "image_description": " The image contains a square root symbol with the number 45 inside.\n\nThe latex code for the expression is \\sqrt{45}.\n\nThe ascii code for the expression is \\sqrt(45).",
            "description_language": "tr",
            "extension": "png"
        },
        {
            "year": "2024",
            "exam": "YKS",
            "subtype": "TYT",
            "section": "TEMEL-MATEMATIK-TESTI",
            "page": 24,
            "image_height": 174,
            "image_width": 321,
            "image_number": 8,
            "image_ocr": "",
            "ocr_language": "",
            "image_description": " The image contains a square root symbol with the number 60 inside.\n\nThe latex for the expression is \\sqrt{60}.\n\nThe ascii for the expression is sqrt(60)",
            "description_language": "tr",
            "extension": "png"
        },
        {
            "year": "2024",
            "exam": "YKS",
            "subtype": "TYT",
            "section": "TEMEL-MATEMATIK-TESTI",
            "page": 24,
            "image_height": 174,
            "image_width": 320,
            "image_number": 9,
            "image_ocr": "",
            "ocr_language": "",
            "image_description": " The image contains a square root symbol with the number 80 inside.\n\nThe latex code for the expression is \\sqrt{80}.\n\nThe ascii code for the expression is \\sqrt(80).",
            "description_language": "tr",
            "extension": "png"
        },
        {
            "year": "2024",
            "exam": "YKS",
            "subtype": "TYT",
            "section": "TEMEL-MATEMATIK-TESTI",
            "page": 25,
            "image_height": 579,
            "image_width": 147,
            "image_number": 0,
            "image_ocr": "",
            "ocr_language": "",
            "image_description": " The image shows a thermometer with a red liquid inside. The liquid is at the 20 degree Celsius mark. The thermometer is marked with degree markings from 0 to 30 degrees Celsius.",
            "description_language": "tr",
            "extension": "png"
        },
        {
            "year": "2024",
            "exam": "YKS",
            "subtype": "TYT",
            "section": "TEMEL-MATEMATIK-TESTI",
            "page": 25,
            "image_height": 579,
            "image_width": 147,
            "image_number": 1,
            "image_ocr": "",
            "ocr_language": "",
            "image_description": " The image shows a thermometer with a scale from -10 to 25 degrees Celsius. The temperature shown on the thermometer is 17 degrees Celsius.\n\nThe latex for the expression is:\n\\(17^o C\\)\n\nThe ascii for the expression is:\n17oC",
            "description_language": "tr",
            "extension": "png"
        },
        {
            "year": "2024",
            "exam": "YKS",
            "subtype": "TYT",
            "section": "TEMEL-MATEMATIK-TESTI",
            "page": 25,
            "image_height": 224,
            "image_width": 197,
            "image_number": 10,
            "image_ocr": "",
            "ocr_language": "",
            "image_description": " The image contains a letter and a degree symbol. The letter is the capital letter \"C\" and the degree symbol is the degree Celsius symbol. The degree symbol is a small circle with a degree sign next to it. The degree sign is a small degree symbol that is used to indicate that the temperature is in degrees Celsius.",
            "description_language": "tr",
            "extension": "png"
        },
        {
            "year": "2024",
            "exam": "YKS",
            "subtype": "TYT",
            "section": "TEMEL-MATEMATIK-TESTI",
            "page": 25,
            "image_height": 224,
            "image_width": 347,
            "image_number": 11,
            "image_ocr": "",
            "ocr_language": "",
            "image_description": " The image contains the following text: \"15\\degree C\".\n\nThe latex code for the expression is:\n\n15\\degree C\n\nThe ascii code for the expression is:\n\n15\\degree C",
            "description_language": "tr",
            "extension": "png"
        },
        {
            "year": "2024",
            "exam": "YKS",
            "subtype": "TYT",
            "section": "TEMEL-MATEMATIK-TESTI",
            "page": 25,
            "image_height": 579,
            "image_width": 147,
            "image_number": 2,
            "image_ocr": "",
            "ocr_language": "",
            "image_description": " The image shows a thermometer with a scale from 0 to 30 degrees Celsius. The temperature shown on the thermometer is 17 degrees Celsius.",
            "description_language": "tr",
            "extension": "png"
        },
        {
            "year": "2024",
            "exam": "YKS",
            "subtype": "TYT",
            "section": "TEMEL-MATEMATIK-TESTI",
            "page": 25,
            "image_height": 579,
            "image_width": 147,
            "image_number": 3,
            "image_ocr": "",
            "ocr_language": "",
            "image_description": " The image shows a thermometer with a red liquid column. The thermometer is marked with degrees Celsius. The liquid column is between the 50 and 55 degree marks. The temperature is 54 degrees Celsius.\n\nThe latex code for the expression is:\n54^o C\n\nThe ascii code for the expression is:\n54 degrees Celsius",
            "description_language": "tr",
            "extension": "png"
        },
        {
            "year": "2024",
            "exam": "YKS",
            "subtype": "TYT",
            "section": "TEMEL-MATEMATIK-TESTI",
            "page": 25,
            "image_height": 579,
            "image_width": 147,
            "image_number": 4,
            "image_ocr": "",
            "ocr_language": "",
            "image_description": " The image shows a thermometer with a scale from -10 to 20 degrees Celsius. The temperature shown on the thermometer is 11 degrees Celsius.",
            "description_language": "tr",
            "extension": "png"
        },
        {
            "year": "2024",
            "exam": "YKS",
            "subtype": "TYT",
            "section": "TEMEL-MATEMATIK-TESTI",
            "page": 25,
            "image_height": 214,
            "image_width": 1416,
            "image_number": 5,
            "image_ocr": "",
            "ocr_language": "",
            "image_description": " The image shows a math inequality. The inequality is written as follows:\n\n$$|b - 20000| < 10000$$\n\nThe inequality is read as \"the absolute value of b minus 20000 is less than 10000.\"",
            "description_language": "tr",
            "extension": "png"
        },
        {
            "year": "2024",
            "exam": "YKS",
            "subtype": "TYT",
            "section": "TEMEL-MATEMATIK-TESTI",
            "page": 25,
            "image_height": 214,
            "image_width": 1307,
            "image_number": 6,
            "image_ocr": "",
            "ocr_language": "",
            "image_description": " The image shows a math inequality. The inequality is written as follows:\n\n$$|b - 15000| < 5000$$\n\nThe inequality is read as \"the absolute value of b minus 15000 is less than 5000.\"",
            "description_language": "tr",
            "extension": "png"
        },
        {
            "year": "2024",
            "exam": "YKS",
            "subtype": "TYT",
            "section": "TEMEL-MATEMATIK-TESTI",
            "page": 25,
            "image_height": 214,
            "image_width": 1474,
            "image_number": 7,
            "image_ocr": "",
            "ocr_language": "",
            "image_description": " The image shows a math inequality. The inequality is as follows:\n\n$$|2b - 15000| < 12000$$\n\nThe inequality is asking for the values of b that make the expression on the left side of the inequality less than the expression on the right side of the inequality.",
            "description_language": "tr",
            "extension": "png"
        },
        {
            "year": "2024",
            "exam": "YKS",
            "subtype": "TYT",
            "section": "TEMEL-MATEMATIK-TESTI",
            "page": 25,
            "image_height": 214,
            "image_width": 1494,
            "image_number": 8,
            "image_ocr": "",
            "ocr_language": "",
            "image_description": " The image shows a math inequality. The inequality is written as follows:\n\n$$|2b - 24000| < 17000$$\n\nThe inequality is asking for all values of \\(b\\) that make the expression on the left side of the inequality less than the expression on the right side of the inequality.",
            "description_language": "tr",
            "extension": "png"
        },
        {
            "year": "2024",
            "exam": "YKS",
            "subtype": "TYT",
            "section": "TEMEL-MATEMATIK-TESTI",
            "page": 25,
            "image_height": 214,
            "image_width": 1391,
            "image_number": 9,
            "image_ocr": "",
            "ocr_language": "",
            "image_description": " The image shows a math inequality. The inequality is written as follows:\n\n$$|3b - 16000| < 8000$$\n\nThe inequality is asking for all the values of b that make the expression on the left side of the inequality less than the expression on the right side of the inequality.",
            "description_language": "tr",
            "extension": "png"
        },
        {
            "year": "2024",
            "exam": "YKS",
            "subtype": "TYT",
            "section": "TEMEL-MATEMATIK-TESTI",
            "page": 26,
            "image_height": 214,
            "image_width": 642,
            "image_number": 0,
            "image_ocr": "",
            "ocr_language": "",
            "image_description": " The image shows a subtraction expression with three terms. The first and third terms are the letter 'a', which could represent a variable or an unknown quantity. The second term is a subtraction symbol. The expression can be written as:\na - a - a\n\nIn LaTeX, the expression would be written as:\n\\(a - a - a\\)\n\nIn ASCII, the expression would be written as:\na - a - a",
            "description_language": "tr",
            "extension": "png"
        },
        {
            "year": "2024",
            "exam": "YKS",
            "subtype": "TYT",
            "section": "TEMEL-MATEMATIK-TESTI",
            "page": 26,
            "image_height": 214,
            "image_width": 642,
            "image_number": 1,
            "image_ocr": "",
            "ocr_language": "",
            "image_description": " The image shows a subtraction expression with three terms. The first and third terms are the letter b, which could represent a variable or a constant. The second term is a minus sign. The expression can be written as:\n\n$$b - b - b$$\n\nIn ASCII, the expression would look like this:\n\n```\nb - b - b\n```",
            "description_language": "tr",
            "extension": "png"
        },
        {
            "year": "2024",
            "exam": "YKS",
            "subtype": "TYT",
            "section": "TEMEL-MATEMATIK-TESTI",
            "page": 26,
            "image_height": 619,
            "image_width": 657,
            "image_number": 10,
            "image_ocr": "",
            "ocr_language": "",
            "image_description": " The image shows a table with three sections: koltuk seçimi (seat selection), bagaj seçimi (baggage selection), and yemek seçimi (meal selection).\n\nEach section has two options:\n\nKoltuk seçimi:\na) Standart koltuk seçimi (ücretsiz)\nb) İstenilen koltuk seçimi (ücretli)\n\nBagaj seçimi:\na) Standart bagaj hakkı (ücretsiz)\nb) Ekstra bagaj hakkı (ücretli)\n\nYemek seçimi:\na) Yemek istemiyorum (ücretsiz)\nb) Yemek istiyorum (ücretli)",
            "description_language": "tr",
            "extension": "png"
        },
        {
            "year": "2024",
            "exam": "YKS",
            "subtype": "TYT",
            "section": "TEMEL-MATEMATIK-TESTI",
            "page": 26,
            "image_height": 288,
            "image_width": 1267,
            "image_number": 11,
            "image_ocr": "",
            "ocr_language": "",
            "image_description": " The image shows a logical expression. The expression is:\n$$(p' \\land r) \\land (p \\lor q)$$\nThe expression is made up of three parts. The first part is \\(p'\\) which is read as \"not p\". The second part is \\(r\\) which is read as \"r\". The third part is \\(p \\lor q\\) which is read as \"p or q\". The expression is read as \"not p and r and p or q\".",
            "description_language": "tr",
            "extension": "png"
        },
        {
            "year": "2024",
            "exam": "YKS",
            "subtype": "TYT",
            "section": "TEMEL-MATEMATIK-TESTI",
            "page": 26,
            "image_height": 214,
            "image_width": 642,
            "image_number": 2,
            "image_ocr": "",
            "ocr_language": "",
            "image_description": " The image shows a subtraction expression with three terms. The first and third terms are the letter 'a', and the second term is the letter 'b'. The terms are separated by subtraction symbols.\n\nThe latex for the expression is:\n$$a - b - a$$\n\nThe ascii for the expression is:\n`a - b - a`",
            "description_language": "tr",
            "extension": "png"
        },
        {
            "year": "2024",
            "exam": "YKS",
            "subtype": "TYT",
            "section": "TEMEL-MATEMATIK-TESTI",
            "page": 26,
            "image_height": 214,
            "image_width": 642,
            "image_number": 3,
            "image_ocr": "",
            "ocr_language": "",
            "image_description": " The image shows a subtraction operation between two variables, \\(b\\), and \\(a\\). The operation is written as:\n\n$$b - b - a$$\n\nIn LaTeX, the equation is written as:\n\n$$b - b - a$$\n\nIn ASCII, the equation is written as:\n\n```\nb - b - a\n```",
            "description_language": "tr",
            "extension": "png"
        },
        {
            "year": "2024",
            "exam": "YKS",
            "subtype": "TYT",
            "section": "TEMEL-MATEMATIK-TESTI",
            "page": 26,
            "image_height": 214,
            "image_width": 642,
            "image_number": 4,
            "image_ocr": "",
            "ocr_language": "",
            "image_description": " The image shows a subtraction operation between two terms \\(a-a-b\\).",
            "description_language": "tr",
            "extension": "png"
        },
        {
            "year": "2024",
            "exam": "YKS",
            "subtype": "TYT",
            "section": "TEMEL-MATEMATIK-TESTI",
            "page": 26,
            "image_height": 173,
            "image_width": 1999,
            "image_number": 5,
            "image_ocr": "",
            "ocr_language": "",
            "image_description": " The image shows a math question. The question is \"A ∪ B = {1, 2, 3, 4, 5, 6, 7, 8, 9}\". The question is asking what is the union of sets A and B. The answer is {1, 2, 3, 4, 5, 6, 7, 8, 9}.",
            "description_language": "tr",
            "extension": "png"
        },
        {
            "year": "2024",
            "exam": "YKS",
            "subtype": "TYT",
            "section": "TEMEL-MATEMATIK-TESTI",
            "page": 26,
            "image_height": 173,
            "image_width": 344,
            "image_number": 6,
            "image_ocr": "",
            "ocr_language": "",
            "image_description": " The image shows a set difference between A and B.\n\n\\(A \\setminus B\\) or \\(A - B\\)\n\nAscii:\n```\nA \\ B\n```",
            "description_language": "tr",
            "extension": "png"
        },
        {
            "year": "2024",
            "exam": "YKS",
            "subtype": "TYT",
            "section": "TEMEL-MATEMATIK-TESTI",
            "page": 26,
            "image_height": 167,
            "image_width": 370,
            "image_number": 7,
            "image_ocr": "",
            "ocr_language": "",
            "image_description": " The image shows a math expression. The expression is the intersection of sets A and B. In LaTeX, the expression is written as \\(A \\cap B\\). In ASCII, the expression is written as \"A intersection B\".",
            "description_language": "tr",
            "extension": "png"
        },
        {
            "year": "2024",
            "exam": "YKS",
            "subtype": "TYT",
            "section": "TEMEL-MATEMATIK-TESTI",
            "page": 26,
            "image_height": 173,
            "image_width": 344,
            "image_number": 8,
            "image_ocr": "",
            "ocr_language": "",
            "image_description": " The image shows a set subtraction operation. The expression is:\n$$B \\setminus A$$\nThe result of this operation is the set of all elements in \\(B\\) that are not in \\(A\\).",
            "description_language": "tr",
            "extension": "png"
        },
        {
            "year": "2024",
            "exam": "YKS",
            "subtype": "TYT",
            "section": "TEMEL-MATEMATIK-TESTI",
            "page": 26,
            "image_height": 167,
            "image_width": 412,
            "image_number": 9,
            "image_ocr": "",
            "ocr_language": "",
            "image_description": " The image shows a math expression. The expression is the intersection of sets A and B. In LaTeX, the expression is written as \\(A \\cap B\\). In ASCII, the expression is written as \"A intersection B\".",
            "description_language": "tr",
            "extension": "png"
        },
        {
            "year": "2024",
            "exam": "YKS",
            "subtype": "TYT",
            "section": "TEMEL-MATEMATIK-TESTI",
            "page": 27,
            "image_height": 167,
            "image_width": 775,
            "image_number": 0,
            "image_ocr": "",
            "ocr_language": "",
            "image_description": " The image shows a math expression: **A + B + C**. The expression consists of three terms, A, B, and C, which are added together.",
            "description_language": "tr",
            "extension": "png"
        },
        {
            "year": "2024",
            "exam": "YKS",
            "subtype": "TYT",
            "section": "TEMEL-MATEMATIK-TESTI",
            "page": 27,
            "image_height": 475,
            "image_width": 587,
            "image_number": 1,
            "image_ocr": "",
            "ocr_language": "",
            "image_description": " The image shows a graph with three curves. The first curve is a parabola that opens upwards and is located in the first quadrant. The second curve is a parabola that opens downwards and is located in the second quadrant. The third curve is a cubic curve that passes through the origin and has a point of inflection at \\(x = 2\\).\n\nThe equations for the curves are:\n- \\(y = x^2\\)\n- \\(y = -x^2\\)\n- \\(y = x^3 - 3x^2 + 2x\\)\n\nThe points of intersection of the curves are:\n- \\((0, 0)\\)\n- \\((1, 1)\\)\n- \\((2, -3)\\)",
            "description_language": "tr",
            "extension": "png"
        },
        {
            "year": "2024",
            "exam": "YKS",
            "subtype": "TYT",
            "section": "TEMEL-MATEMATIK-TESTI",
            "page": 27,
            "image_height": 167,
            "image_width": 657,
            "image_number": 10,
            "image_ocr": "",
            "ocr_language": "",
            "image_description": " The image shows a math expression. The expression is AB + BA.",
            "description_language": "tr",
            "extension": "png"
        },
        {
            "year": "2024",
            "exam": "YKS",
            "subtype": "TYT",
            "section": "TEMEL-MATEMATIK-TESTI",
            "page": 27,
            "image_height": 214,
            "image_width": 1613,
            "image_number": 2,
            "image_ocr": "",
            "ocr_language": "",
            "image_description": " The image shows a mathematical inequality. The inequality is (f - g)(1) • (f - h)(1) < 0. The expression (f - g)(1) is the value of the function f minus the value of the function g at the point 1. The expression (f - h)(1) is the value of the function f minus the value of the function h at the point 1. The inequality is true if the product of these two expressions is less than 0.",
            "description_language": "tr",
            "extension": "png"
        },
        {
            "year": "2024",
            "exam": "YKS",
            "subtype": "TYT",
            "section": "TEMEL-MATEMATIK-TESTI",
            "page": 27,
            "image_height": 214,
            "image_width": 1705,
            "image_number": 3,
            "image_ocr": "",
            "ocr_language": "",
            "image_description": " The image shows a math expression:\n\n$$ (g-h)(2)\\cdot (g-f)(2) > 0 $$\n\nThe expression is a product of two terms. The first term is the difference of two functions, \\(g\\) and \\(h\\), evaluated at 2. The second term is the difference of two functions, \\(g\\) and \\(f\\), also evaluated at 2. The expression is greater than 0.",
            "description_language": "tr",
            "extension": "png"
        },
        {
            "year": "2024",
            "exam": "YKS",
            "subtype": "TYT",
            "section": "TEMEL-MATEMATIK-TESTI",
            "page": 27,
            "image_height": 173,
            "image_width": 1223,
            "image_number": 4,
            "image_ocr": "",
            "ocr_language": "",
            "image_description": " The image shows a math inequality. The inequality is written as f(3) < g(3) < h(3). The symbols f, g, and h represent functions, and the numbers 3 represent the input to the functions. The inequality symbol < means \"less than\". So, the inequality f(3) < g(3) < h(3) means that the value of f(3) is less than the value of g(3), which is less than the value of h(3).",
            "description_language": "tr",
            "extension": "png"
        },
        {
            "year": "2024",
            "exam": "YKS",
            "subtype": "TYT",
            "section": "TEMEL-MATEMATIK-TESTI",
            "page": 27,
            "image_height": 173,
            "image_width": 1223,
            "image_number": 5,
            "image_ocr": "",
            "ocr_language": "",
            "image_description": " The image shows a math inequality. The inequality is written as f(3) < h(3) < g(3). The symbols f, h, and g represent functions, and the numbers 3 represent the input to the functions. The inequality states that the output of function f at input 3 is less than the output of function h at input 3, which is in turn less than the output of function g at input 3.",
            "description_language": "tr",
            "extension": "png"
        },
        {
            "year": "2024",
            "exam": "YKS",
            "subtype": "TYT",
            "section": "TEMEL-MATEMATIK-TESTI",
            "page": 27,
            "image_height": 173,
            "image_width": 1223,
            "image_number": 6,
            "image_ocr": "",
            "ocr_language": "",
            "image_description": " The image shows a math inequality. The inequality symbol is \"<\". The left-hand side of the inequality is \"g(3)\". The right-hand side of the inequality is \"h(3)\". The middle term is \"f(3)\".",
            "description_language": "tr",
            "extension": "png"
        },
        {
            "year": "2024",
            "exam": "YKS",
            "subtype": "TYT",
            "section": "TEMEL-MATEMATIK-TESTI",
            "page": 27,
            "image_height": 173,
            "image_width": 1223,
            "image_number": 7,
            "image_ocr": "",
            "ocr_language": "",
            "image_description": " The image shows a math inequality. The inequality is comparing the values of three functions at the input value of 3. The functions are h(3), f(3), and g(3). The inequality states that h(3) is less than f(3), which is less than g(3).\n\nIn LaTeX, the inequality can be written as:\n```\nh(3) < f(3) < g(3)\n```\n\nIn ASCII, the inequality can be written as:\n```\nh(3) < f(3) < g(3)\n```",
            "description_language": "tr",
            "extension": "png"
        },
        {
            "year": "2024",
            "exam": "YKS",
            "subtype": "TYT",
            "section": "TEMEL-MATEMATIK-TESTI",
            "page": 27,
            "image_height": 173,
            "image_width": 1223,
            "image_number": 8,
            "image_ocr": "",
            "ocr_language": "",
            "image_description": " The image shows a math inequality. The inequality is comparing the values of three functions at the input value of 3. The functions are h(3), g(3), and f(3). The inequality states that h(3) is less than g(3), which is less than f(3).\n\nIn LaTeX, the inequality can be written as:\n$$h(3) < g(3) < f(3)$$\n\nIn ASCII, the inequality can be written as:\nh(3) < g(3) < f(3)",
            "description_language": "tr",
            "extension": "png"
        },
        {
            "year": "2024",
            "exam": "YKS",
            "subtype": "TYT",
            "section": "TEMEL-MATEMATIK-TESTI",
            "page": 27,
            "image_height": 279,
            "image_width": 513,
            "image_number": 9,
            "image_ocr": "",
            "ocr_language": "",
            "image_description": " The image shows a 3x3 grid of squares. The squares are labeled with numbers and letters. The numbers are 11, 42, 23, B4, 3B, 1A, and 51. The letters are A2 and B4.\n\nThe grid has the following properties:\n- Each row contains three squares.\n- Each column contains three squares.\n- Each square is labeled with one number or letter.\n- The numbers and letters are arranged in a random order.\n\nThe question is to find the sum of the numbers in each row and column.\n\nThe answer is:\n- The sum of the numbers in the first row is 76.\n- The sum of the numbers in the second row is 79.\n- The sum of the numbers in the third row is 95.\n- The sum of the numbers in the first column is 67.\n- The sum of the numbers in the second column is 78.\n- The sum of the numbers in the third column is 82.",
            "description_language": "tr",
            "extension": "png"
        },
        {
            "year": "2024",
            "exam": "YKS",
            "subtype": "TYT",
            "section": "TEMEL-MATEMATIK-TESTI",
            "page": 28,
            "image_height": 721,
            "image_width": 929,
            "image_number": 0,
            "image_ocr": "",
            "ocr_language": "",
            "image_description": " The image shows two staircases, each with four steps. The staircases are identical, except that the second staircase is rotated 180 degrees. The top step of the first staircase is labeled \"Sekil 1\" and the top step of the second staircase is labeled \"Sekil 2\". There is a cat on the third step of the first staircase and a cat on the second step of the second staircase. The cat on the first staircase is looking at the cat on the second staircase. The cat on the second staircase is looking at the first cat.\n\nThe latex code for the image is:\n\n\\begin{tikzpicture}[scale=0.5]\n\\draw (0,0) -- (4,0);\n\\draw (0,0) -- (0,4);\n\\draw (4,0) -- (4,4);\n\\draw (0,4) -- (4,4);\n\n\\draw (2,0) -- (2,4);\n\n\\draw (6,0) -- (10,0);\n\\draw (6,0) -- (6,4);\n\\draw (10,0) -- (10,4);\n\\draw (6,4) -- (10,4);\n\n\\draw (8,0) -- (8,4);\n\n\\draw (0,2) -- (2,2);\n\\draw (6,2) -- (8,2);\n\n\\draw (1,3) -- (1,2);\n\\draw (7,3) -- (7,2);\n\n\\node at (2,4.5) {Sekil 1};\n\\node at (8,4.5) {Sekil 2};\n\n\\draw [dashed] (2,3) -- (8,3);\n\n\\draw [fill=orange] (1,2) circle (0.2);\n\\draw [fill=black] (7,3) circle (0.2);\n\\end{tikzpicture}\n\nThe ascii code for the image is:\n```\n    _________     _________\n   |         |   |         |\n   |         |   |         |\n   |         |   |         |\n   |_________|   |_________|\n    _________     _________\n   |         |   |         |\n   |         |   |         |\n   |    _    |   |         |\n   | __/ \\__ |   |_________|\n```",
            "description_language": "tr",
            "extension": "png"
        },
        {
            "year": "2024",
            "exam": "YKS",
            "subtype": "TYT",
            "section": "TEMEL-MATEMATIK-TESTI",
            "page": 28,
            "image_height": 167,
            "image_width": 1142,
            "image_number": 1,
            "image_ocr": "",
            "ocr_language": "",
            "image_description": " The image shows a math question with two series of numbers. The first series is 9, 10, a, 13, 16, b. The second series is 3, 4, 5, 6, 7, 8. The question is to find the values of a and b such that the sum of the first series is equal to the sum of the second series.\n\nIn LaTeX, the first series can be expressed as:\n9 + 10 + a + 13 + 16 + b\n\nAnd the second series can be expressed as:\n3 + 4 + 5 + 6 + 7 + 8\n\nThe sum of the first series can be expressed as:\n9 + 10 + a + 13 + 16 + b = 67 + a + b\n\nAnd the sum of the second series can be expressed as:\n3 + 4 + 5 + 6 + 7 + 8 = 33\n\nThe question can be expressed as:\n67 + a + b = 33\n\nIn ASCII, the first series can be expressed as:\n9 + 10 + a + 13 + 16 + b\n\nAnd the second series can be expressed as:\n3 + 4 + 5 + 6 + 7 + 8\n\nThe sum of the first series can be expressed as:\n9 + 10 + a + 13 + 16 + b = 67 + a + b\n\nAnd the sum of the second series can be expressed as:\n3 + 4 + 5 + 6 + 7 + 8 = 33\n\nThe question can be expressed as:\n67 + a + b = 33",
            "description_language": "tr",
            "extension": "png"
        },
        {
            "year": "2024",
            "exam": "YKS",
            "subtype": "TYT",
            "section": "TEMEL-MATEMATIK-TESTI",
            "page": 28,
            "image_height": 167,
            "image_width": 400,
            "image_number": 2,
            "image_ocr": "",
            "ocr_language": "",
            "image_description": " The image shows a math expression: **a + b**.\nThe expression consists of two terms, **a** and **b**, separated by a plus sign.\nThe terms **a** and **b** are variables, which means that they can take on any value.\nThe plus sign indicates that the two terms are to be added together.\nThe result of the expression is the sum of the two terms.",
            "description_language": "tr",
            "extension": "png"
        },
        {
            "year": "2024",
            "exam": "YKS",
            "subtype": "TYT",
            "section": "TEMEL-MATEMATIK-TESTI",
            "page": 29,
            "image_height": 640,
            "image_width": 392,
            "image_number": 0,
            "image_ocr": "",
            "ocr_language": "",
            "image_description": " The image shows a screenshot of a mobile phone with a list of search results. The results are:\n\n- Annem (1)\n- Babam (1)\n- Erhan (a)\n- Ahmet (b)\n- Kerem (2)\n\nThe numbers in parentheses after the names indicate the number of times the contact has been called. The letters after the names indicate the first letter of the contact's last name.",
            "description_language": "tr",
            "extension": "png"
        },
        {
            "year": "2024",
            "exam": "YKS",
            "subtype": "TYT",
            "section": "TEMEL-MATEMATIK-TESTI",
            "page": 29,
            "image_height": 640,
            "image_width": 392,
            "image_number": 1,
            "image_ocr": "",
            "ocr_language": "",
            "image_description": " The image shows a screenshot of a mobile phone with a list of names and numbers. The names are \"Annem\", \"Babam\", \"Erhan\", \"Ahmet\", \"Kerem\", and \"Veli\". The numbers next to the names are \"2\", \"1\", \"c\", \"4\", \"3\", and \"3\", respectively. The letter \"c\" next to Erhan's name is likely a placeholder for a missing character.",
            "description_language": "tr",
            "extension": "png"
        },
        {
            "year": "2024",
            "exam": "YKS",
            "subtype": "TYT",
            "section": "TEMEL-MATEMATIK-TESTI",
            "page": 30,
            "image_height": 428,
            "image_width": 444,
            "image_number": 0,
            "image_ocr": "",
            "ocr_language": "",
            "image_description": " The image is a table that shows the ideal body mass index (VKİ) for different age groups. The age groups are listed in the first column, and the corresponding ideal VKİ range is listed in the second column. The VKİ is a measure of body fat based on height and weight. It is used to screen for weight categories that may lead to health problems.\n\nThe table is as follows:\n\n| Age Group | Ideal VKİ |\n|---|---|\n| 19-24 | 19-24 |\n| 25-35 | 20-25 |\n| 35-44 | 21-26 |\n| 45-54 | 22-27 |\n| 55-65 | 23-28 |\n| 65 and over | 24-29 |\n\nThe ideal VKİ for adults is between 18.5 and 24.9. A VKİ of less than 18.5 is considered underweight, a VKİ of between 25 and 29.9 is considered overweight, and a VKİ of 30 or more is considered obese.",
            "description_language": "tr",
            "extension": "png"
        },
        {
            "year": "2024",
            "exam": "YKS",
            "subtype": "TYT",
            "section": "TEMEL-MATEMATIK-TESTI",
            "page": 30,
            "image_height": 654,
            "image_width": 924,
            "image_number": 1,
            "image_ocr": "",
            "ocr_language": "",
            "image_description": " The image shows a pie chart and a bar chart.\n\nThe pie chart shows the percentage of exported factories in three categories: textiles, plastics, and food. The bar chart shows the production area of four categories: food, furniture, plastics, and textiles.\n\nThe values for the pie chart are:\n* Textiles: 60%\n* Plastics: 30%\n* Food: 10%\n\nThe values for the bar chart are:\n* Food: 40%\n* Furniture: 30%\n* Plastics: 70%\n* Textiles: 60%\n\nThe exported factories produce 60% textiles, 30% plastics and 10% food.\nThe production area is 40% food, 30% furniture, 70% plastics and 60% textile.",
            "description_language": "tr",
            "extension": "png"
        },
        {
            "year": "2024",
            "exam": "YKS",
            "subtype": "TYT",
            "section": "TEMEL-MATEMATIK-TESTI",
            "page": 31,
            "image_height": 640,
            "image_width": 904,
            "image_number": 0,
            "image_ocr": "",
            "ocr_language": "",
            "image_description": " The image shows a desktop with a file explorer window open. The window is showing the contents of the \"C:\\Ödevler\" folder. There are six files in the folder: \"Biyoloji.pdf\", \"Felsefe.pdf\", \"Fizik.pdf\", \"Kimya.pdf\", \"Matematik.pdf\", and \"Tarih.pdf\". The files are arranged in a list, with the most recently created file at the top. The following information is also displayed for each file: the file size and the date it was created.",
            "description_language": "tr",
            "extension": "png"
        },
        {
            "year": "2024",
            "exam": "YKS",
            "subtype": "TYT",
            "section": "TEMEL-MATEMATIK-TESTI",
            "page": 31,
            "image_height": 392,
            "image_width": 216,
            "image_number": 1,
            "image_ocr": "",
            "ocr_language": "",
            "image_description": " The image shows a fraction. The numerator is the number 2 and the denominator is the number 3. In LaTeX, the fraction can be written as \\frac{2}{3}. In ASCII, the fraction can be written as 2/3.",
            "description_language": "tr",
            "extension": "png"
        },
        {
            "year": "2024",
            "exam": "YKS",
            "subtype": "TYT",
            "section": "TEMEL-MATEMATIK-TESTI",
            "page": 31,
            "image_height": 391,
            "image_width": 216,
            "image_number": 2,
            "image_ocr": "",
            "ocr_language": "",
            "image_description": " The image shows a fraction. The numerator is 8 and the denominator is 5. In LaTeX, this fraction can be written as \\frac{8}{5}. In ASCII, it can be written as 8/5.",
            "description_language": "tr",
            "extension": "png"
        },
        {
            "year": "2024",
            "exam": "YKS",
            "subtype": "TYT",
            "section": "TEMEL-MATEMATIK-TESTI",
            "page": 31,
            "image_height": 392,
            "image_width": 274,
            "image_number": 3,
            "image_ocr": "",
            "ocr_language": "",
            "image_description": " The image shows a fraction. The numerator is 5 and the denominator is 12. In LaTeX, the fraction can be written as `\\frac{5}{12}`. In ASCII, the fraction can be written as \"5/12\".",
            "description_language": "tr",
            "extension": "png"
        },
        {
            "year": "2024",
            "exam": "YKS",
            "subtype": "TYT",
            "section": "TEMEL-MATEMATIK-TESTI",
            "page": 31,
            "image_height": 392,
            "image_width": 216,
            "image_number": 4,
            "image_ocr": "",
            "ocr_language": "",
            "image_description": " The image shows a fraction. The numerator is the number 5 and the denominator is the number 2.\n\nIn LaTeX, the fraction can be written as:\n\n\\frac{5}{2}\n\nIn ASCII, the fraction can be written as:\n\n5/2",
            "description_language": "tr",
            "extension": "png"
        },
        {
            "year": "2024",
            "exam": "YKS",
            "subtype": "TYT",
            "section": "TEMEL-MATEMATIK-TESTI",
            "page": 31,
            "image_height": 392,
            "image_width": 217,
            "image_number": 5,
            "image_ocr": "",
            "ocr_language": "",
            "image_description": " The image shows a fraction. The numerator is 9 and the denominator is 4.\n\n$$9 \\over 4$$\n\nIn ASCII, the fraction looks like this:\n\n```\n9\n--\n4\n```",
            "description_language": "tr",
            "extension": "png"
        },
        {
            "year": "2024",
            "exam": "YKS",
            "subtype": "TYT",
            "section": "TEMEL-MATEMATIK-TESTI",
            "page": 31,
            "image_height": 392,
            "image_width": 216,
            "image_number": 6,
            "image_ocr": "",
            "ocr_language": "",
            "image_description": " The image shows a fraction. The numerator is 7 and the denominator is 3. In LaTeX, the fraction would be written as \\frac{7}{3}. In ASCII, the fraction would be written as 7/3.",
            "description_language": "tr",
            "extension": "png"
        },
        {
            "year": "2024",
            "exam": "YKS",
            "subtype": "TYT",
            "section": "TEMEL-MATEMATIK-TESTI",
            "page": 31,
            "image_height": 392,
            "image_width": 275,
            "image_number": 7,
            "image_ocr": "",
            "ocr_language": "",
            "image_description": " The image shows a fraction. The numerator is 15 and the denominator is 16. In LaTeX, this can be written as:\n\n\\frac{15}{16}\n\nIn ASCII, this can be written as:\n\n15/16",
            "description_language": "tr",
            "extension": "png"
        },
        {
            "year": "2024",
            "exam": "YKS",
            "subtype": "TYT",
            "section": "TEMEL-MATEMATIK-TESTI",
            "page": 32,
            "image_height": 404,
            "image_width": 504,
            "image_number": 0,
            "image_ocr": "",
            "ocr_language": "",
            "image_description": " The image shows a fraction represented by a fraction bar. The numerator is 5 and the denominator is 8.\n\nThe fraction can be written as:\n\n\\(\\frac{5}{8}\\)\n\nThe numerator is the number of parts that are shaded in the fraction bar. The denominator is the total number of parts in the fraction bar.",
            "description_language": "tr",
            "extension": "png"
        },
        {
            "year": "2024",
            "exam": "YKS",
            "subtype": "TYT",
            "section": "TEMEL-MATEMATIK-TESTI",
            "page": 32,
            "image_height": 392,
            "image_width": 216,
            "image_number": 1,
            "image_ocr": "",
            "ocr_language": "",
            "image_description": " The image shows a fraction. The numerator is 3 and the denominator is 4. In LaTeX, this is written as \\frac{3}{4}. In ASCII, this is written as 3/4.",
            "description_language": "tr",
            "extension": "png"
        },
        {
            "year": "2024",
            "exam": "YKS",
            "subtype": "TYT",
            "section": "TEMEL-MATEMATIK-TESTI",
            "page": 33,
            "image_height": 435,
            "image_width": 423,
            "image_number": 0,
            "image_ocr": "",
            "ocr_language": "",
            "image_description": " The image shows a triangle ABC with angle bisectors AD and CE. Angle BAC is 88 degrees. Find angle x.\n\nThe angle bisectors AD and CE divide angle BAC into three angles: angle BAD, angle DAC, and angle ECA. Since AD and CE are angle bisectors, we know that angle BAD = angle DAC = x and angle ECA = 88/2 = 44 degrees.\n\nWe can use the triangle ACE to find angle x. We know that angle ACE = 44 degrees and angle ECA = 44 degrees, so angle EAC = 180 - 44 - 44 = 92 degrees.\n\nNow, we can use the triangle ABD to find angle x. We know that angle BAD = x and angle ABD = 90 - 88 = 2 degrees, so angle ADB = 180 - x - 2 = 180 - 92 = 88 degrees.\n\nTherefore, angle x = 88 degrees.\n\nIn LaTeX, the solution can be written as follows:\n\n\\documentclass{article}\n\\usepackage{amsmath}\n\\usepackage{amsfonts}\n\\usepackage{amssymb}\n\\usepackage{graphicx}\n\\begin{document}\n\\begin{center}\n\\begin{tikzpicture}[scale=1]\n\\draw (0,0) -- (3,0) -- (3,3) -- (0,3) -- cycle;\n\\draw (1.5,0) -- (1.5,3);\n\\draw (0,1.5) -- (3,1.5);\n\\draw (1.5,1.5) -- (2.12132034356,2.12132034356);\n\\draw (1.5,1.5) -- (0.87867965643,2.12132034356);\n\\node at (1.5,3.5) {$E$};\n\\node at (3.3,1.5) {$D$};\n\\node at (0,-0.5) {$B$};\n\\node at (3,-0.5) {$C$};\n\\node at (1.5,-0.5) {$F$};\n\\node at (1.2,1.3) {$A$};\n\\node at (2.3,1.3) {$x$};\n\\node at (1.5,2.3) {$88^\\circ$};\n\\end{tikzpicture}\n\\end{center}\n\\end{document}\n\nIn ASCII, the solution can be written as follows:\n```\n      E\n     / \\\n    /   \\\n   /     \\\n  /       \\\n /         \\\nB-----------A-----------D\n \\         /\n  \\       /\n   \\     /\n    \\   /\n     \\ /\n      C\n```",
            "description_language": "tr",
            "extension": "png"
        },
        {
            "year": "2024",
            "exam": "YKS",
            "subtype": "TYT",
            "section": "TEMEL-MATEMATIK-TESTI",
            "page": 33,
            "image_height": 173,
            "image_width": 276,
            "image_number": 1,
            "image_ocr": "",
            "ocr_language": "",
            "image_description": " The image shows a matrix with one row and two columns. The element in the first row and first column is E, and the element in the first row and second column is F.\n\nThe matrix can be written in LaTeX as follows:\n\n\\begin{bmatrix} E & F \\end{bmatrix}\n\nThe matrix can be written in ASCII as follows:\n\n[E F]",
            "description_language": "tr",
            "extension": "png"
        },
        {
            "year": "2024",
            "exam": "YKS",
            "subtype": "TYT",
            "section": "TEMEL-MATEMATIK-TESTI",
            "page": 33,
            "image_height": 392,
            "image_width": 357,
            "image_number": 10,
            "image_ocr": "",
            "ocr_language": "",
            "image_description": " The image shows a fraction. The numerator is 1 and the denominator is 120. In LaTeX, the fraction would be written as \\frac{1}{120}. In ASCII, the fraction would be written as 1/120.",
            "description_language": "tr",
            "extension": "png"
        },
        {
            "year": "2024",
            "exam": "YKS",
            "subtype": "TYT",
            "section": "TEMEL-MATEMATIK-TESTI",
            "page": 33,
            "image_height": 358,
            "image_width": 667,
            "image_number": 11,
            "image_ocr": "",
            "ocr_language": "",
            "image_description": " The image shows a regular hexagon with six red lines connecting the vertices. \nThe lines are labeled 1 through 6. \nThe question mark is located at the intersection of lines 4 and 5. \nThe ASCII representation of the hexagon is:\n```\n      6\n     / \\\n    /   \\\n   /     \\\n  /       \\\n 5         1\n```\nThe LaTeX representation of the hexagon is:\n\\begin{tikzpicture}[scale=2]\n\\draw (0,0) -- (1,0) -- (1.5,0.5) -- (1,1) -- (0,1) -- cycle;\n\\draw (0.5,0) -- (0.5,1);\n\\draw (1,0.5) -- (1.5,0.5);\n\\draw (0.5,1) -- (1,1);\n\\node at (1.25,0.75) {$5$};\n\\node at (0.75,0.25) {$3$};\n\\node at (0.25,0.75) {$4$};\n\\node at (1.75,0.25) {$2$};\n\\node at (1.75,0.75) {$6$};\n\\node at (0.25,0.25) {$1$};\n\\node at (1.25,1.25) {$?$};\n\\end{tikzpicture}",
            "description_language": "tr",
            "extension": "png"
        },
        {
            "year": "2024",
            "exam": "YKS",
            "subtype": "TYT",
            "section": "TEMEL-MATEMATIK-TESTI",
            "page": 33,
            "image_height": 173,
            "image_width": 293,
            "image_number": 2,
            "image_ocr": "",
            "ocr_language": "",
            "image_description": " The image shows a matrix with one row and two columns. The element in the first row and first column is B, and the element in the first row and second column is C.\n\nThe latex for the matrix is:\n\n\\begin{bmatrix} B & C \\end{bmatrix}\n\nThe ascii for the matrix is:\n\n[B C]",
            "description_language": "tr",
            "extension": "png"
        },
        {
            "year": "2024",
            "exam": "YKS",
            "subtype": "TYT",
            "section": "TEMEL-MATEMATIK-TESTI",
            "page": 33,
            "image_height": 173,
            "image_width": 293,
            "image_number": 3,
            "image_ocr": "",
            "ocr_language": "",
            "image_description": " The image shows a matrix with one row and two columns. The element in the first row and first column is A, and the element in the first row and second column is C.\n\nThe latex for the matrix is:\n\\begin{bmatrix} A & C \\end{bmatrix}\n\nThe ascii for the matrix is:\n[A C]",
            "description_language": "tr",
            "extension": "png"
        },
        {
            "year": "2024",
            "exam": "YKS",
            "subtype": "TYT",
            "section": "TEMEL-MATEMATIK-TESTI",
            "page": 33,
            "image_height": 173,
            "image_width": 293,
            "image_number": 4,
            "image_ocr": "",
            "ocr_language": "",
            "image_description": " The image shows a matrix with one row and two columns. The element in the first row and first column is D, and the element in the first row and second column is E.\n\nThe latex for the matrix is:\n\n\\begin{bmatrix}\nD & E\n\\end{bmatrix}\n\nThe ascii for the matrix is:\n\n[DE]",
            "description_language": "tr",
            "extension": "png"
        },
        {
            "year": "2024",
            "exam": "YKS",
            "subtype": "TYT",
            "section": "TEMEL-MATEMATIK-TESTI",
            "page": 33,
            "image_height": 456,
            "image_width": 896,
            "image_number": 5,
            "image_ocr": "",
            "ocr_language": "",
            "image_description": " The image shows two identical lamp posts of height 80m. There is a lamp on top of each lamp post. The lamp on the first lamp post makes a 46 degree angle with the horizontal and illuminates the ground at a distance of 50m from the base of the lamp post. The lamp on the second lamp post also makes a 46 degree angle with the horizontal. The question is, how far from the base of the second lamp post does the light reach?\n\nThe image can be represented in LaTeX as follows:\n\n\\begin{tikzpicture}[scale=0.5]\n\\draw (0,0) -- (0,80); % lamp post 1\n\\draw (5,0) -- (5,80); % lamp post 2\n\\draw (0,80) -- (5,67.6); % lamp 1\n\\draw (5,80) -- (9.1,67.6); % lamp 2\n\\draw (50,0) -- (50,46); % ground 1\n\\draw (91,0) -- (91,46); % ground 2\n\\end{tikzpicture}\n\nThe ASCII representation of the image is as follows:\n\n```\n      |\\\n      | \\\n   46 |  \\\n      |   \\\n      |    \\\n      |     \\\n      |      \\\n   80 |       \\\n      |_________\\\n      |  50    |\n      |__________|\n\n      |\\\n      | \\\n   46 |  \\\n      |   \\\n      |    \\\n      |     \\\n      |      \\\n   80 |       \\\n      |_________\\\n      |         |\n      |_________|\n```",
            "description_language": "tr",
            "extension": "png"
        },
        {
            "year": "2024",
            "exam": "YKS",
            "subtype": "TYT",
            "section": "TEMEL-MATEMATIK-TESTI",
            "page": 33,
            "image_height": 391,
            "image_width": 299,
            "image_number": 6,
            "image_ocr": "",
            "ocr_language": "",
            "image_description": " The image shows a fraction. The numerator is 1 and the denominator is 45.\n\n$$ \\frac{1}{45} $$",
            "description_language": "tr",
            "extension": "png"
        },
        {
            "year": "2024",
            "exam": "YKS",
            "subtype": "TYT",
            "section": "TEMEL-MATEMATIK-TESTI",
            "page": 33,
            "image_height": 392,
            "image_width": 300,
            "image_number": 7,
            "image_ocr": "",
            "ocr_language": "",
            "image_description": " The image shows a fraction. The numerator is 1 and the denominator is 60. In LaTeX, the fraction would be written as \\frac{1}{60}. In ASCII, the fraction would be written as 1/60.",
            "description_language": "tr",
            "extension": "png"
        },
        {
            "year": "2024",
            "exam": "YKS",
            "subtype": "TYT",
            "section": "TEMEL-MATEMATIK-TESTI",
            "page": 33,
            "image_height": 392,
            "image_width": 294,
            "image_number": 8,
            "image_ocr": "",
            "ocr_language": "",
            "image_description": " The image shows a fraction. The numerator is 1 and the denominator is 72.\n\n$$ \\frac{1}{72} $$\n\nThe fraction can be read as \"one seventy-second\".",
            "description_language": "tr",
            "extension": "png"
        },
        {
            "year": "2024",
            "exam": "YKS",
            "subtype": "TYT",
            "section": "TEMEL-MATEMATIK-TESTI",
            "page": 33,
            "image_height": 392,
            "image_width": 299,
            "image_number": 9,
            "image_ocr": "",
            "ocr_language": "",
            "image_description": " The image shows a fraction. The numerator is 1 and the denominator is 84.\n\n$$ \\frac{1}{84} $$",
            "description_language": "tr",
            "extension": "png"
        },
        {
            "year": "2024",
            "exam": "YKS",
            "subtype": "TYT",
            "section": "TEMEL-MATEMATIK-TESTI",
            "page": 34,
            "image_height": 701,
            "image_width": 1864,
            "image_number": 0,
            "image_ocr": "",
            "ocr_language": "",
            "image_description": " The image is a rectangle divided into three parts. The left part has a picture of a temple, the middle part has a picture of a travertine, and the right part has a picture of a rooster. There are numbers written on the bottom and on the top of the rectangle. The numbers on the bottom are 8, 12, and 7, and the numbers on the top are 6, 4, and 8. The text below the rectangle says \"Sekil 1\".\n\nThe latex code for the rectangle is:\n\n\\begin{tikzpicture}\n\\draw (0,0) rectangle (12,4);\n\\draw (0,0) -- (12,0);\n\\draw (0,4) -- (12,4);\n\\draw (4,0) -- (4,4);\n\\draw (8,0) -- (8,4);\n\\node at (2,2) {6};\n\\node at (10,2) {8};\n\\node at (6,1) {4};\n\\node at (6,3) {12};\n\\node at (11,1) {7};\n\\node at (6,-1) {Sekil 1};\n\\end{tikzpicture}\n\nThe ascii code for the rectangle is:\n```\n+----------------------------------------------------+\n|                                                    |\n|                                                    |\n|                                                    |\n|                                                    |\n|                                                    |\n|                                                    |\n|                                                    |\n|                                                    |\n|                                                    |\n|                                                    |\n|                                                    |\n|                                                    |\n|                                                    |\n|                                                    |\n|                                                    |\n|                                                    |\n|                                                    |\n|                                                    |\n|                                                    |\n|                                                    |\n|                                                    |\n|                                                    |\n|                                                    |\n+----------------------------------------------------+\n```",
            "description_language": "tr",
            "extension": "png"
        },
        {
            "year": "2024",
            "exam": "YKS",
            "subtype": "TYT",
            "section": "TEMEL-MATEMATIK-TESTI",
            "page": 34,
            "image_height": 770,
            "image_width": 1570,
            "image_number": 1,
            "image_ocr": "",
            "ocr_language": "",
            "image_description": " The image shows two rectangles. The first rectangle, labeled \"Sekil 2\", is divided into two parts. The upper part is a picture of the Parthenon, and the lower part is a picture of a blue-green landscape with white terraces. The second rectangle, labeled \"Sekil 3\", is also divided into two parts. The upper part is a picture of the same Parthenon, and the lower part is a picture of a rooster standing on a fountain in front of a building.\n\nThe question is asking which of the two rectangles has a larger area.\n\nTo answer the question, we need to find the area of each rectangle. The area of a rectangle is equal to its length multiplied by its width.\n\nThe length of the first rectangle is the sum of the lengths of its two parts. The length of the upper part is the same as the length of the Parthenon, which is 69.5 meters. The length of the lower part is not given, but we can estimate it to be about 30 meters. So the total length of the first rectangle is about 99.5 meters.\n\nThe width of the first rectangle is the same as the width of its lower part, which is about 15 meters. So the area of the first rectangle is about 99.5 * 15 = 1492.5 square meters.\n\nThe length of the second rectangle is the same as the length of the Parthenon, which is 69.5 meters. The width of the second rectangle is the sum of the widths of its two parts. The width of the upper part is the same as the width of the Parthenon, which is 30.9 meters. The width of the lower part is not given, but we can estimate it to be about 15 meters. So the total width of the second rectangle is about 45.9 meters.\n\nThe area of the second rectangle is about 69.5 * 45.9 = 3174.05 square meters.\n\nSo the second rectangle has a larger area.",
            "description_language": "tr",
            "extension": "png"
        },
        {
            "year": "2024",
            "exam": "YKS",
            "subtype": "TYT",
            "section": "TEMEL-MATEMATIK-TESTI",
            "page": 34,
            "image_height": 168,
            "image_width": 248,
            "image_number": 2,
            "image_ocr": "",
            "ocr_language": "",
            "image_description": " The image shows a 30 degree angle. \n\nLaTeX: 30^\\circ\n\nASCII representation:\n```\n      |\\\n      | \\\n   30 |  \\\n      |___\\\n```",
            "description_language": "tr",
            "extension": "png"
        },
        {
            "year": "2024",
            "exam": "YKS",
            "subtype": "TYT",
            "section": "TEMEL-MATEMATIK-TESTI",
            "page": 34,
            "image_height": 240,
            "image_width": 933,
            "image_number": 3,
            "image_ocr": "",
            "ocr_language": "",
            "image_description": " The image shows three triangles. \n\nThe first triangle has a 30-60-90 degree angle. The hypotenuse is 6, one leg is 4, and the other leg is 4√3.\n\nThe second triangle is an equilateral triangle with all angles measuring 60 degrees and all sides measuring 6.\n\nThe third triangle is an isosceles triangle with two angles measuring 30 degrees and one angle measuring 120 degrees. The two congruent sides measure 4, and the third side measures 6.",
            "description_language": "tr",
            "extension": "png"
        },
        {
            "year": "2024",
            "exam": "YKS",
            "subtype": "TYT",
            "section": "TEMEL-MATEMATIK-TESTI",
            "page": 34,
            "image_height": 642,
            "image_width": 827,
            "image_number": 4,
            "image_ocr": "",
            "ocr_language": "",
            "image_description": " The image shows a right triangle with a hypotenuse of 80m and one leg of 45m. The angle at the base of the triangle is 37\\(^\\circ\\). The other leg is the height of the cliff, which is what we are trying to find. We can use the Pythagorean theorem to solve for the height of the cliff. The Pythagorean theorem states that in a right triangle, the square of the hypotenuse is equal to the sum of the squares of the other two legs. In this case, we have:\n\n\\(80^2 = 45^2 + x^2\\)\n\nSolving for x, we get:\n\n\\(x^2 = 80^2 - 45^2\\)\n\n\\(x^2 = 4025\\)\n\n\\(x = \\sqrt{4025}\\)\n\n\\(x = 63.45\\)\n\nTherefore, the height of the cliff is 63.45m.",
            "description_language": "tr",
            "extension": "png"
        },
        {
            "year": "2024",
            "exam": "YKS",
            "subtype": "TYT",
            "section": "TEMEL-MATEMATIK-TESTI",
            "page": 35,
            "image_height": 424,
            "image_width": 659,
            "image_number": 0,
            "image_ocr": "",
            "ocr_language": "",
            "image_description": " The image shows a rectangular prism that is 6 units long, 4 units wide, and 3 units high. The prism is divided into 12 congruent rectangular prisms, each of which is 1 unit long, 1 unit wide, and 3 units high.\n\nThe volume of the rectangular prism is 6 * 4 * 3 = 72 cubic units. The volume of each of the 12 congruent rectangular prisms is 1 * 1 * 3 = 3 cubic units. The sum of the volumes of the 12 congruent rectangular prisms is 12 * 3 = 36 cubic units.\n\nThe answer to the question is 36 cubic units.",
            "description_language": "tr",
            "extension": "png"
        },
        {
            "year": "2024",
            "exam": "YKS",
            "subtype": "TYT",
            "section": "TEMEL-MATEMATIK-TESTI",
            "page": 35,
            "image_height": 167,
            "image_width": 737,
            "image_number": 1,
            "image_ocr": "",
            "ocr_language": "",
            "image_description": " The image shows a 3-dimensional vector denoted by the letter V. The vector is the dot product of three vectors a, b, and c, which are also 3-dimensional. The dot product is a mathematical operation that results in a scalar value.",
            "description_language": "tr",
            "extension": "png"
        },
        {
            "year": "2024",
            "exam": "YKS",
            "subtype": "TYT",
            "section": "TEMEL-MATEMATIK-TESTI",
            "page": 35,
            "image_height": 365,
            "image_width": 247,
            "image_number": 2,
            "image_ocr": "",
            "ocr_language": "",
            "image_description": " The image shows a parallelogram divided into 3 parts by two lines. The top part is a triangle, and the bottom two parts are quadrilaterals. The top quadrilateral has two right angles, and the bottom quadrilateral has one right angle.\n\nLaTEX:\n\n$$\\measuredangle{BAC} = 90^\\circ$$\n\n$$\\measuredangle{CDA} = 90^\\circ$$\n\n$$m\\angle{BAC} + m\\angle{CDA} = 180^\\circ$$\n\nAscii:\n\n<pre>\n  B\n /|\n/ |\nA--C--D\n</pre>\n\nThe question is: What is the measure of angle CDA?\n\nThe answer is 45 degrees.",
            "description_language": "tr",
            "extension": "png"
        },
        {
            "year": "2024",
            "exam": "YKS",
            "subtype": "TYT",
            "section": "TEMEL-MATEMATIK-TESTI",
            "page": 35,
            "image_height": 366,
            "image_width": 462,
            "image_number": 3,
            "image_ocr": "",
            "ocr_language": "",
            "image_description": " The image shows a fraction. The numerator is 360 degrees. The denominator is the letter n. The fraction is written in LaTeX as \\frac{360^\\circ}{n}.",
            "description_language": "tr",
            "extension": "png"
        },
        {
            "year": "2024",
            "exam": "YKS",
            "subtype": "TYT",
            "section": "TEMEL-MATEMATIK-TESTI",
            "page": 35,
            "image_height": 465,
            "image_width": 831,
            "image_number": 4,
            "image_ocr": "",
            "ocr_language": "",
            "image_description": " The image shows a regular hexagon with six sides and six vertices. There is a regular pentagon inside the hexagon such that each vertex of the pentagon touches two sides of the hexagon. Each side of the pentagon is also tangent to the circumscribed circle of the hexagon.\n\nLaTEX:\n\n\\begin{tikzpicture}[scale=2]\n\\draw (0,0) -- (1,0);\n\\draw (1,0) -- (1.5,0.866);\n\\draw (1.5,0.866) -- (1.5,-0.866);\n\\draw (1.5,-0.866) -- (1,0);\n\\draw (1,0) -- (0,0);\n\n\\draw (0,0) -- (0.5878, -1.1756);\n\\draw (0.5878, -1.1756) -- (1.9122, -1.1756);\n\\draw (1.9122, -1.1756) -- (2.5, 0);\n\\draw (2.5, 0) -- (1.9122, 1.1756);\n\\draw (1.9122, 1.1756) -- (0.5878, 1.1756);\n\\draw (0.5878, 1.1756) -- (0,0);\n\n\\end{tikzpicture}\n\nASCII:\n```\n     A\n    / \\\n   /___\\\n  |     |\n  |_____|\n    / \\\n   /___\\\n```",
            "description_language": "tr",
            "extension": "png"
        }
    ]
}